{
  "S9": {
    "loss": 11.222483314470706,
    "active_torque_angle_scaling_function_mse": 2.8401316480000296,
    "active_torque_angle_scaling_function_mae": 1.2543452724002064,
    "active_torque_angular_velocity_scaling_function_mse": 0.862128022433758,
    "active_torque_angular_velocity_scaling_function_mae": 0.6709648444460503,
    "dimensionless_acceleration_mse": 0.7627419935746999,
    "dimensionless_acceleration_mae": 0.4265763695473783,
    "dimensionless_active_torque_mse": 40.981056843180305,
    "dimensionless_active_torque_mae": 0.6333925059721468,
    "dimensionless_ground_reaction_mse": 0.7815099702877571,
    "dimensionless_ground_reaction_mae": 0.29423213224673145,
    "dimensionless_ideal_torque_mse": 1.9286717441966614,
    "dimensionless_ideal_torque_mae": 0.5423156940253213,
    "dimensionless_instantaneous_power_mse": 84.28794303144633,
    "dimensionless_instantaneous_power_mae": 0.25291882978981106,
    "dimensionless_marker_mse": 0.9066051395808515,
    "dimensionless_marker_mae": 0.7335894703622559,
    "dimensionless_passive_torque_mse": 2.801078836443488,
    "dimensionless_passive_torque_mae": 0.06587947162203157,
    "dimensionless_seat_reaction_mse": 1.7790960002798877,
    "dimensionless_seat_reaction_mae": 0.6161257539563407,
    "dimensionless_speed_mse": 0.7536032237703597,
    "dimensionless_speed_mae": 0.43772879350806176,
    "normalized_active_torque_mse": 15.615041642168656,
    "normalized_active_torque_mae": 0.5840567040967204,
    "seat_mse": 0.15980300263755665,
    "seat_mae": 0.17564876559896053,
    "touch_mse": 0.48228942855941564,
    "touch_mae": 0.5395550731453208,
    "active_torque_angle_scaling_function_rmse": 1.685269013540577,
    "active_torque_angular_velocity_scaling_function_rmse": 0.9285084934634459,
    "dimensionless_acceleration_rmse": 0.873351013954126,
    "dimensionless_active_torque_rmse": 6.401644854502654,
    "dimensionless_ground_reaction_rmse": 0.8840305256538131,
    "dimensionless_ideal_torque_rmse": 1.3887662669422316,
    "dimensionless_instantaneous_power_rmse": 9.180846531308882,
    "dimensionless_marker_rmse": 0.9521581484085779,
    "dimensionless_passive_torque_rmse": 1.6736423860680298,
    "dimensionless_seat_reaction_rmse": 1.3338275751685027,
    "dimensionless_speed_rmse": 0.8681032333601573,
    "normalized_active_torque_rmse": 3.9515872307426867,
    "seat_rmse": 0.39975367745344964,
    "touch_rmse": 0.6944706102920524,
    "active_torque_angle_scaling_function_mae_orig": 0.21936139398545132,
    "active_torque_angle_scaling_function_mse_orig": 0.08686096925755342,
    "active_torque_angle_scaling_function_rmse_orig": 0.2947218506618629,
    "active_torque_angular_velocity_scaling_function_mae_orig": 0.17637701777249004,
    "active_torque_angular_velocity_scaling_function_mse_orig": 0.05957392584920851,
    "active_torque_angular_velocity_scaling_function_rmse_orig": 0.24407770453117694,
    "dimensionless_acceleration_mae_orig": 1.8417661025670804,
    "dimensionless_acceleration_mse_orig": 14.218475081414903,
    "dimensionless_acceleration_rmse_orig": 3.770739328223963,
    "dimensionless_active_torque_mae_orig": 0.010005495194040115,
    "dimensionless_active_torque_mse_orig": 0.010226204846951286,
    "dimensionless_active_torque_rmse_orig": 0.10112469949004192,
    "dimensionless_ground_reaction_mae_orig": 0.056973849902138565,
    "dimensionless_ground_reaction_mse_orig": 0.02930255293111619,
    "dimensionless_ground_reaction_rmse_orig": 0.17117988471522053,
    "dimensionless_ideal_torque_mae_orig": 0.00860051308017429,
    "dimensionless_ideal_torque_mse_orig": 0.00048506807702534775,
    "dimensionless_ideal_torque_rmse_orig": 0.022024261100553357,
    "dimensionless_instantaneous_power_mae_orig": 0.004333006586482749,
    "dimensionless_instantaneous_power_mse_orig": 0.024738982097620932,
    "dimensionless_instantaneous_power_rmse_orig": 0.15728630613508898,
    "dimensionless_marker_mae_orig": 0.3416610819286901,
    "dimensionless_marker_mse_orig": 0.19665410769840086,
    "dimensionless_marker_rmse_orig": 0.4434569964476836,
    "dimensionless_passive_torque_mae_orig": 0.008265454403416455,
    "dimensionless_passive_torque_mse_orig": 0.044091876923976155,
    "dimensionless_passive_torque_rmse_orig": 0.20998065845209685,
    "dimensionless_seat_reaction_mae_orig": 0.12591675240500258,
    "dimensionless_seat_reaction_mse_orig": 0.07430665065856043,
    "dimensionless_seat_reaction_rmse_orig": 0.2725924625857443,
    "dimensionless_speed_mae_orig": 0.3035637886762252,
    "dimensionless_speed_mse_orig": 0.362436932641616,
    "dimensionless_speed_rmse_orig": 0.6020273520709969,
    "normalized_active_torque_mae_orig": 0.0954718939518702,
    "normalized_active_torque_mse_orig": 0.4172383278612933,
    "normalized_active_torque_rmse_orig": 0.6459398794479974
  },
  "S11": {
    "loss": 1.2632238719312625,
    "active_torque_angle_scaling_function_mse": 2.633537939910231,
    "active_torque_angle_scaling_function_mae": 1.1748492961642385,
    "active_torque_angular_velocity_scaling_function_mse": 0.8115958470465808,
    "active_torque_angular_velocity_scaling_function_mae": 0.6431976059044915,
    "dimensionless_acceleration_mse": 0.6131980581680078,
    "dimensionless_acceleration_mae": 0.3736820468272286,
    "dimensionless_active_torque_mse": 2.2816318417931427,
    "dimensionless_active_torque_mae": 0.5855381076877144,
    "dimensionless_ground_reaction_mse": 0.8801655265108559,
    "dimensionless_ground_reaction_mae": 0.3222005055189647,
    "dimensionless_ideal_torque_mse": 2.2814691296082805,
    "dimensionless_ideal_torque_mae": 0.5902488529682159,
    "dimensionless_instantaneous_power_mse": 0.38036943689181374,
    "dimensionless_instantaneous_power_mae": 0.12101105619221926,
    "dimensionless_marker_mse": 1.134678728895626,
    "dimensionless_marker_mae": 0.8164254291646782,
    "dimensionless_passive_torque_mse": 0.005570864502061895,
    "dimensionless_passive_torque_mae": 0.010402854710239275,
    "dimensionless_seat_reaction_mse": 1.6394091822966288,
    "dimensionless_seat_reaction_mae": 0.6147260593558158,
    "dimensionless_speed_mse": 0.6714584825346354,
    "dimensionless_speed_mae": 0.4088907584719274,
    "normalized_active_torque_mse": 1.7153814017258842,
    "normalized_active_torque_mae": 0.43335817954663575,
    "seat_mse": 0.15226289955620093,
    "seat_mae": 0.1696933264999319,
    "touch_mse": 0.4866899412127147,
    "touch_mae": 0.5648180131522147,
    "active_torque_angle_scaling_function_rmse": 1.6228179010321,
    "active_torque_angular_velocity_scaling_function_rmse": 0.9008861454404662,
    "dimensionless_acceleration_rmse": 0.7830696381344432,
    "dimensionless_active_torque_rmse": 1.5105071472168354,
    "dimensionless_ground_reaction_rmse": 0.938171373743015,
    "dimensionless_ideal_torque_rmse": 1.5104532861390585,
    "dimensionless_instantaneous_power_rmse": 0.6167409803895099,
    "dimensionless_marker_rmse": 1.065212996961465,
    "dimensionless_passive_torque_rmse": 0.07463822413523713,
    "dimensionless_seat_reaction_rmse": 1.2803941511490236,
    "dimensionless_speed_rmse": 0.8194257028764935,
    "normalized_active_torque_rmse": 1.3097256971312292,
    "seat_rmse": 0.39020878969623546,
    "touch_rmse": 0.6976316658615166,
    "active_torque_angle_scaling_function_mae_orig": 0.20545904305619903,
    "active_torque_angle_scaling_function_mse_orig": 0.08054262491607599,
    "active_torque_angle_scaling_function_rmse_orig": 0.2838003257857115,
    "active_torque_angular_velocity_scaling_function_mae_orig": 0.16907782353559844,
    "active_torque_angular_velocity_scaling_function_mse_orig": 0.05608210097960662,
    "active_torque_angular_velocity_scaling_function_rmse_orig": 0.236816597770525,
    "dimensionless_acceleration_mae_orig": 1.6133920585299422,
    "dimensionless_acceleration_mse_orig": 11.430787059687368,
    "dimensionless_acceleration_rmse_orig": 3.3809446992944694,