{
  "val_loss": 9.398897250493368,
  "mae_kinematic": 0.7623002537859,
  "mae_kinetic": 13.583493353594884,
  "mae_neuromuscular": 0.9549035304821456,
  "criteria": {
    "activation_signal": {
      "mae": 0.07038394240424262,
      "rmse": 0.15465178147896366,
      "nmae": 7.038393834166593
    },
    "angle_scaling": {
      "mae": 0.06925235364548257,
      "rmse": 0.10814683604685199,
      "nmae": 6.103357017313294
    },
    "velocity_scaling": {
      "mae": 0.1643700578398056,
      "rmse": 0.23630399607959565,
      "nmae": 11.844526680537681
    },
    "acceleration": {
      "mae": 1.7351973043745341,
      "rmse": 3.6368978888097927,
      "nmae": 1.2336258474458426
    },
    "active_torque": {
      "mae": 10.607591312950015,
      "rmse": 184.99705687592942,
      "nmae": 0.1024128563238422
    },
    "coordinate": {
      "mae": 0.2620854364776464,
      "rmse": 0.8090996540316014,
      "nmae": 0.568122370564351
    },
    "ground_reaction": {
      "mae": 31.856739654906796,
      "rmse": 97.15818215487711,
      "nmae": 4.348672280414596
    },
    "ideal_torque": {
      "mae": 5.588099904050666,
      "rmse": 15.101155481473095,
      "nmae": 1.0032737879742952
    },
    "instantaneous_power": {
      "mae": 4.461552803779127,
      "rmse": 130.13321882331456,
      "nmae": 0.009697010198672208
    },
    "passive_torque": {
      "mae": 5.474409887685745,
      "rmse": 184.4333857238239,
      "nmae": 0.05404571241621552
    },
    "seat_reaction": {
      "mae": 26.75084048201384,
      "rmse": 86.1056486250567,
      "nmae": 3.374277161491226
    },
    "speed": {
      "mae": 0.2896180205055197,
      "rmse": 0.577241071476797,
      "nmae": 1.5031582745484897
    },
    "excitation_signal": {
      "mae": 0.06603729181495446,
      "rmse": 0.14014616727852447,
      "nmae": 6.603728721031146
    },
    "instantaneous_power_raw": {
      "mae": 10.345219429777996,
      "rmse": 148.4324655162445,
      "nmae": 0.022484928907060355
    },
    "maximum_joint_torque": {
      "mae": 5.295244994350215,
      "rmse": 10.200617674891244,
      "nmae": 1.7834036150611559
    },
    "normalized_active_torque": {
      "mae": 0.06413254283817307,
      "rmse": 0.550647471025824,
      "nmae": 0.27893234651690285
    },
    "touch": {
      "accuracy": 0.6556632344033919
    }
  },
  "model": "tcpformer",
  "run": "finetuned"
}