{
  "val_loss": 9.407416264980267,
  "mae_kinematic": 0.7959482797328681,
  "mae_kinetic": 13.041572190548914,
  "mae_neuromuscular": 0.6397015856884245,
  "criteria": {
    "activation_signal": {
      "mae": 0.06802615936090704,
      "rmse": 0.15350410474668733,
      "nmae": 6.80261554344221
    },
    "angle_scaling": {
      "mae": 0.06810466040086953,
      "rmse": 0.10760924893048489,
      "nmae": 6.002208373989328
    },
    "velocity_scaling": {
      "mae": 0.16505490230677855,
      "rmse": 0.24119038013103297,
      "nmae": 11.893876657459789
    },
    "acceleration": {
      "mae": 1.8238466243027287,
      "rmse": 3.7436718724625937,
      "nmae": 1.2966504338408384
    },
    "active_torque": {
      "mae": 10.460297858332964,
      "rmse": 184.9537738465839,
      "nmae": 0.10099078575568952
    },
    "coordinate": {
      "mae": 0.2671599038626491,
      "rmse": 0.8658577191992776,
      "nmae": 0.5791222890598798
    },
    "ground_reaction": {
      "mae": 30.24724881798373,
      "rmse": 94.22708070307931,
      "nmae": 4.128965296463067
    },
    "ideal_torque": {
      "mae": 5.4094185267656805,
      "rmse": 14.661935537317621,
      "nmae": 0.9711937705610013
    },
    "instantaneous_power": {
      "mae": 4.434278892100984,
      "rmse": 130.13340047636666,
      "nmae": 0.00963773142033373
    },
    "passive_torque": {
      "mae": 5.451568267340418,
      "rmse": 184.40996704021973,
      "nmae": 0.05382021018499224
    },
    "seat_reaction": {
      "mae": 26.433393661957556,
      "rmse": 85.36282356838908,
      "nmae": 3.3342352960543575
    },
    "speed": {
      "mae": 0.29683831103322667,
      "rmse": 0.586534879778281,
      "nmae": 1.5406325982539788
    },
    "excitation_signal": {
      "mae": 0.06379357775053543,
      "rmse": 0.14130153972607679,
      "nmae": 6.379357330234195
    },
    "instantaneous_power_raw": {
      "mae": 8.85479930936106,
      "rmse": 144.8655744025448,
      "nmae": 0.01924555919850055
    },
    "maximum_joint_torque": {
      "mae": 3.4106094016931405,
      "rmse": 8.759023694565126,
      "nmae": 1.1486707684027566
    },
    "normalized_active_torque": {
      "mae": 0.06262081261831615,
      "rmse": 0.5486545925762757,
      "nmae": 0.27235736229104396
    },
    "touch": {
      "accuracy": 0.6818090046436504
    }
  },
  "model": "ktpformer",
  "run": "finetuned"
}