{
  "val_loss": 9.416314842609259,
  "mae_kinematic": 0.7965021531240472,
  "mae_kinetic": 12.669344942566378,
  "mae_neuromuscular": 0.7890626316574764,
  "criteria": {
    "activation_signal": {
      "mae": 0.06828575295490523,
      "rmse": 0.15406193125083179,
      "nmae": 6.828574901343649
    },
    "angle_scaling": {
      "mae": 0.06784414012007854,
      "rmse": 0.10696994298856004,
      "nmae": 5.979248168303643
    },
    "velocity_scaling": {
      "mae": 0.16551269641952263,
      "rmse": 0.24144721353663023,
      "nmae": 11.926865357797626
    },
    "acceleration": {
      "mae": 1.8268085919689625,
      "rmse": 3.747792446474073,
      "nmae": 1.298756223115149
    },
    "active_torque": {
      "mae": 10.507620709354727,
      "rmse": 184.95720325943904,
      "nmae": 0.10144767254549351
    },
    "coordinate": {
      "mae": 0.26420979389526494,
      "rmse": 0.8584080366492511,
      "nmae": 0.5727273382735214
    },
    "ground_reaction": {
      "mae": 30.90163247424355,
      "rmse": 96.14505635406121,
      "nmae": 4.218293334974224
    },
    "ideal_torque": {
      "mae": 5.481926826320652,
      "rmse": 14.83047210185433,
      "nmae": 0.984211733303822
    },
    "instantaneous_power": {
      "mae": 4.45540315673549,
      "rmse": 130.155550929352,
      "nmae": 0.009683644181789056
    },
    "passive_torque": {
      "mae": 5.450177410940996,
      "rmse": 184.4028554040554,
      "nmae": 0.05380647905661171
    },
    "seat_reaction": {
      "mae": 23.036986346070645,
      "rmse": 75.58408922698082,
      "nmae": 2.9058218544346657
    },
    "speed": {
      "mae": 0.2984880735079142,
      "rmse": 0.5863460639617174,
      "nmae": 1.5491950976127467
    },
    "excitation_signal": {
      "mae": 0.0645318995993572,
      "rmse": 0.14215130428214368,
      "nmae": 6.453189509968207
    },
    "instantaneous_power_raw": {
      "mae": 8.85166767429859,
      "rmse": 144.6734419072228,
      "nmae": 0.019238752712449632
    },
    "maximum_joint_torque": {
      "mae": 4.30518469628872,
      "rmse": 9.735390408909545,
      "nmae": 1.44995783180178
    },
    "normalized_active_torque": {
      "mae": 0.0630166045622754,
      "rmse": 0.5486926150459922,
      "nmae": 0.2740787843768579
    },
    "touch": {
      "accuracy": 0.6746416313345447
    }
  },
  "model": "d3dp",
  "run": "finetuned"
}