{
  "val_loss": 9.473130757992084,
  "mae_kinematic": 0.8012151461604482,
  "mae_kinetic": 13.147925305607233,
  "mae_neuromuscular": 0.8349140232873501,
  "criteria": {
    "activation_signal": {
      "mae": 0.069927032100807,
      "rmse": 0.15682654773582927,
      "nmae": 6.992702806460327
    },
    "angle_scaling": {
      "mae": 0.07088279134297376,
      "rmse": 0.11180819866974903,
      "nmae": 6.247050954608436
    },
    "velocity_scaling": {
      "mae": 0.16815864059295085,
      "rmse": 0.24368412984194085,
      "nmae": 12.117532421916613
    },
    "acceleration": {
      "mae": 1.827606344913724,
      "rmse": 3.76534378639392,
      "nmae": 1.2993233797434203
    },
    "active_torque": {
      "mae": 10.660644771310215,
      "rmse": 184.98387781195834,
      "nmae": 0.10292507027027252
    },
    "coordinate": {
      "mae": 0.27094974080452267,
      "rmse": 0.8807624337275726,
      "nmae": 0.5873375152716316
    },
    "ground_reaction": {
      "mae": 31.17151284141663,
      "rmse": 96.47596849101862,
      "nmae": 4.2551339308565135
    },
    "ideal_torque": {
      "mae": 5.63246287131391,
      "rmse": 15.09577319998473,
      "nmae": 1.011238606602486
    },
    "instantaneous_power": {
      "mae": 4.487460203339796,
      "rmse": 130.1480778972817,
      "nmae": 0.009753318916468417
    },
    "passive_torque": {
      "mae": 5.475767278599931,
      "rmse": 184.40704038169255,
      "nmae": 0.05405911315903339
    },
    "seat_reaction": {
      "mae": 25.261326198253478,
      "rmse": 81.48523166401289,
      "nmae": 3.1863939421663288
    },
    "speed": {
      "mae": 0.30508935276309784,
      "rmse": 0.6013265012167925,
      "nmae": 1.5834566657213702
    },
    "excitation_signal": {
      "mae": 0.06651732995453974,
      "rmse": 0.14409090114883338,
      "nmae": 6.651732531642468
    },
    "instantaneous_power_raw": {
      "mae": 9.346302975016664,
      "rmse": 145.86945644936227,
      "nmae": 0.020313823149288784
    },
    "maximum_joint_torque": {
      "mae": 4.569684820671167,
      "rmse": 10.3347077462664,
      "nmae": 1.5390397304695613
    },
    "normalized_active_torque": {
      "mae": 0.06431352506166181,
      "rmse": 0.5513492447939682,
      "nmae": 0.2797194944147016
    },
    "touch": {
      "accuracy": 0.667272360185746
    }
  },
  "model": "posemamba",
  "run": "finetuned"
}