{
  "S9": {
    "loss": 10.873248744801451,
    "active_torque_angle_scaling_function_mse": 1.3792623408059943,
    "active_torque_angle_scaling_function_mae": 0.8913280706855705,
    "active_torque_angular_velocity_scaling_function_mse": 0.8506522242789156,
    "active_torque_angular_velocity_scaling_function_mae": 0.6641682967652723,
    "dimensionless_acceleration_mse": 0.7653889118612686,
    "dimensionless_acceleration_mae": 0.4248392515648323,
    "dimensionless_active_torque_mse": 40.77863948488498,
    "dimensionless_active_torque_mae": 0.6124582796973654,
    "dimensionless_ground_reaction_mse": 0.5894467287990163,
    "dimensionless_ground_reaction_mae": 0.2930386432357878,
    "dimensionless_ideal_torque_mse": 1.6865325274871945,
    "dimensionless_ideal_torque_mae": 0.5217552117888185,
    "dimensionless_instantaneous_power_mse": 84.29738644137619,
    "dimensionless_instantaneous_power_mae": 0.26509832888932566,
    "dimensionless_marker_mse": 0.8698326431857415,
    "dimensionless_marker_mae": 0.6963075280456256,
    "dimensionless_passive_torque_mse": 2.8413306170721144,
    "dimensionless_passive_torque_mae": 0.0745101375588685,
    "dimensionless_seat_reaction_mse": 0.48973571064589666,
    "dimensionless_seat_reaction_mae": 0.3180766674448214,
    "dimensionless_speed_mse": 0.7477413099994193,
    "dimensionless_speed_mae": 0.4348325460627857,
    "normalized_active_torque_mse": 15.410091388822087,
    "normalized_active_torque_mae": 0.5642484581329844,
    "seat_mse": 0.09661956969355803,
    "seat_mae": 0.12753772224090554,
    "touch_mse": 0.39902591993983005,
    "touch_mae": 0.5458501126250423,
    "active_torque_angle_scaling_function_rmse": 1.174420001875817,
    "active_torque_angular_velocity_scaling_function_rmse": 0.9223080961798588,
    "dimensionless_acceleration_rmse": 0.8748650820905293,
    "dimensionless_active_torque_rmse": 6.385815490983511,
    "dimensionless_ground_reaction_rmse": 0.7677543414393802,
    "dimensionless_ideal_torque_rmse": 1.298665671944552,
    "dimensionless_instantaneous_power_rmse": 9.181360816424556,
    "dimensionless_marker_rmse": 0.9326481883249125,
    "dimensionless_passive_torque_rmse": 1.6856246963876966,
    "dimensionless_seat_reaction_rmse": 0.6998111964279342,
    "dimensionless_speed_rmse": 0.864720365204509,
    "normalized_active_torque_rmse": 3.9255689254962887,
    "seat_rmse": 0.31083688599257014,
    "touch_rmse": 0.6316849847351368,
    "active_torque_angle_scaling_function_mae_orig": 0.15587651373677505,
    "active_torque_angle_scaling_function_mse_orig": 0.042182574130750085,
    "active_torque_angle_scaling_function_rmse_orig": 0.20538396756015323,
    "active_torque_angular_velocity_scaling_function_mae_orig": 0.17459040432916748,
    "active_torque_angular_velocity_scaling_function_mse_orig": 0.05878093648968495,
    "active_torque_angular_velocity_scaling_function_rmse_orig": 0.24244780157733942,
    "dimensionless_acceleration_mae_orig": 1.834266003534854,
    "dimensionless_acceleration_mse_orig": 14.267816984728416,
    "dimensionless_acceleration_rmse_orig": 3.7772763977141537,
    "dimensionless_active_torque_mae_orig": 0.009674804037437633,
    "dimensionless_active_torque_mse_orig": 0.010175694647118526,
    "dimensionless_active_torque_rmse_orig": 0.10087464818832592,
    "dimensionless_ground_reaction_mae_orig": 0.05674274780173189,
    "dimensionless_ground_reaction_mse_orig": 0.022101181849729555,
    "dimensionless_ground_reaction_rmse_orig": 0.1486646624108418,
    "dimensionless_ideal_torque_mae_orig": 0.008274447103552419,
    "dimensionless_ideal_torque_mse_orig": 0.00042416916845000206,
    "dimensionless_ideal_torque_rmse_orig": 0.020595367645419735,
    "dimensionless_instantaneous_power_mae_orig": 0.0045416658225788335,
    "dimensionless_instantaneous_power_mse_orig": 0.024741753791184602,
    "dimensionless_instantaneous_power_rmse_orig": 0.15729511687011966,
    "dimensionless_marker_mae_orig": 0.32429743473509987,
    "dimensionless_marker_mse_orig": 0.18867768869225413,
    "dimensionless_marker_rmse_orig": 0.43437045098884675,
    "dimensionless_passive_torque_mae_orig": 0.009348286035420447,
    "dimensionless_passive_torque_mse_orig": 0.044725481567429066,
    "dimensionless_passive_torque_rmse_orig": 0.2114839983720496,
    "dimensionless_seat_reaction_mae_orig": 0.06500488045383018,
    "dimensionless_seat_reaction_mse_orig": 0.0204545568987067,
    "dimensionless_seat_reaction_rmse_orig": 0.14301942839595852,
    "dimensionless_speed_mae_orig": 0.3015552485471061,
    "dimensionless_speed_mse_orig": 0.3596177116251244,
    "dimensionless_speed_rmse_orig": 0.5996813417350288,
    "normalized_active_torque_mae_orig": 0.09223397074209022,
    "normalized_active_torque_mse_orig": 0.41176199914180134,
    "normalized_active_torque_rmse_orig": 0.6416868388410357
  },
  "S11": {
    "loss": 0.9078027896154885,
    "active_torque_angle_scaling_function_mse": 1.3996260532017413,
    "active_torque_angle_scaling_function_mae": 0.8819391725392177,
    "active_torque_angular_velocity_scaling_function_mse": 0.8000797972083091,
    "active_torque_angular_velocity_scaling_function_mae": 0.6364127251951174,
    "dimensionless_acceleration_mse": 0.6180680688202981,
    "dimensionless_acceleration_mae": 0.3762665730355115,
    "dimensionless_active_torque_mse": 1.9509195709536815,
    "dimensionless_active_torque_mae": 0.5541548111315431,
    "dimensionless_ground_reaction_mse": 0.6324906492541577,
    "dimensionless_ground_reaction_mae": 0.30075934751109146,
    "dimensionless_ideal_torque_mse": 1.9113641443094989,
    "dimensionless_ideal_torque_mae": 0.5501349364203968,
    "dimensionless_instantaneous_power_mse": 0.3908413154664503,
    "dimensionless_instantaneous_power_mae": 0.13389964029407023,
    "dimensionless_marker_mse": 0.7781621835697656,
    "dimensionless_marker_mae": 0.6616300511634213,
    "dimensionless_passive_torque_mse": 0.019124019120407728,
    "dimensionless_passive_torque_mae": 0.021833075310007253,
    "dimensionless_seat_reaction_mse": 0.6462250182660023,
    "dimensionless_seat_reaction_mae": 0.37701611301123067,
    "dimensionless_speed_mse": 0.6686843747251677,
    "dimensionless_speed_mae": 0.4068162879382057,
    "normalized_active_torque_mse": 1.6222157823970949,
    "normalized_active_torque_mae": 0.4295147079674677,
    "seat_mse": 0.09673714506521311,
    "seat_mae": 0.13983342544989924,
    "touch_mse": 0.3268312349621121,
    "touch_mae": 0.49011622799196464,
    "active_torque_angle_scaling_function_rmse": 1.18305792470265,
    "active_torque_angular_velocity_scaling_function_rmse": 0.8944717978831469,
    "dimensionless_acceleration_rmse": 0.7861730527182282,
    "dimensionless_active_torque_rmse": 1.3967532247872856,
    "dimensionless_ground_reaction_rmse": 0.7952928072440726,
    "dimensionless_ideal_torque_rmse": 1.382520938108895,
    "dimensionless_instantaneous_power_rmse": 0.6251730284220923,
    "dimensionless_marker_rmse": 0.8821350143655821,
    "dimensionless_passive_torque_rmse": 0.13828962043627038,
    "dimensionless_seat_reaction_rmse": 0.8038812214910871,
    "dimensionless_speed_rmse": 0.8177312362415708,
    "normalized_active_torque_rmse": 1.2736623502314477,
    "seat_rmse": 0.311025955613375,
    "touch_rmse": 0.571691555790456,
    "active_torque_angle_scaling_function_mae_orig": 0.15423457205557403,
    "active_torque_angle_scaling_function_mse_orig": 0.04280536631632437,
    "active_torque_angle_scaling_function_rmse_orig": 0.20689457778376977,
    "active_torque_angular_velocity_scaling_function_mae_orig": 0.16729427699755367,
    "active_torque_angular_velocity_scaling_function_mse_orig": 0.055286330187695375,
    "active_torque_angular_velocity_scaling_function_rmse_orig": 0.23513045355226825,
    "dimensionless_acceleration_mae_orig": 1.6245508875261716,
    "dimensionless_acceleration_mse_orig": 11.521570215314204,
    "dimensionless_acceleration_rmse_orig": 3.394343856375515,