{
  "val_loss": 9.472995058848309,
  "mae_kinematic": 0.8074671535534709,
  "mae_kinetic": 13.177603894376963,
  "mae_neuromuscular": 0.821302982567449,
  "criteria": {
    "activation_signal": {
      "mae": 0.06936568171968216,
      "rmse": 0.15714860260667454,
      "nmae": 6.936567771587969
    },
    "angle_scaling": {
      "mae": 0.07039902350082929,
      "rmse": 0.11186486515128045,
      "nmae": 6.2044154671675615
    },
    "velocity_scaling": {
      "mae": 0.16794199344665486,
      "rmse": 0.2449167369906602,
      "nmae": 12.101920801781601
    },
    "acceleration": {
      "mae": 1.843075076037875,
      "rmse": 3.784093444832632,
      "nmae": 1.3103207611327492
    },
    "active_torque": {
      "mae": 10.66410336824957,
      "rmse": 184.99346897118795,
      "nmae": 0.10295846190282909
    },
    "coordinate": {
      "mae": 0.2743173122157632,
      "rmse": 0.8834483690075104,
      "nmae": 0.5946373968633426
    },
    "ground_reaction": {
      "mae": 31.222263145541547,
      "rmse": 97.3596594880655,
      "nmae": 4.26206170950434
    },
    "ideal_torque": {
      "mae": 5.610344771884735,
      "rmse": 15.332046405897941,
      "nmae": 1.0072675771330568
    },
    "instantaneous_power": {
      "mae": 4.513225284430166,
      "rmse": 130.1480414396021,
      "nmae": 0.009809318310646001
    },
    "passive_torque": {
      "mae": 5.466467706828183,
      "rmse": 184.42028314989176,
      "nmae": 0.053967303814851764
    },
    "seat_reaction": {
      "mae": 25.869925958788528,
      "rmse": 82.673388034495,
      "nmae": 3.2631610356654357
    },
    "speed": {
      "mae": 0.30500907240677433,
      "rmse": 0.6021494854717814,
      "nmae": 1.5830399993769184
    },
    "excitation_signal": {
      "mae": 0.0647374040163588,
      "rmse": 0.1441843865464442,
      "nmae": 6.473739950235428
    },
    "instantaneous_power_raw": {
      "mae": 8.896897024916028,
      "rmse": 144.9010459855645,
      "nmae": 0.01933705693306561
    },
    "maximum_joint_torque": {
      "mae": 4.491131203310565,
      "rmse": 9.808043068061504,
      "nmae": 1.512583389860864
    },
    "normalized_active_torque": {
      "mae": 0.06424258941060389,
      "rmse": 0.5525800589535514,
      "nmae": 0.2794109732376883
    },
    "touch": {
      "accuracy": 0.6696951342620634
    }
  },
  "model": "mhformer",
  "run": "finetuned"
}