{
  "S9": {
    "loss": 11.126595478944413,
    "active_torque_angle_scaling_function_mse": 2.5785516280289875,
    "active_torque_angle_scaling_function_mae": 1.20510281310807,
    "active_torque_angular_velocity_scaling_function_mse": 0.8655353638580701,
    "active_torque_angular_velocity_scaling_function_mae": 0.6721813622604452,
    "dimensionless_acceleration_mse": 0.7621441842303093,
    "dimensionless_acceleration_mae": 0.42391611166765186,
    "dimensionless_active_torque_mse": 40.889386157190735,
    "dimensionless_active_torque_mae": 0.631075633345725,
    "dimensionless_ground_reaction_mse": 0.7440613882560844,
    "dimensionless_ground_reaction_mae": 0.29938134207315226,
    "dimensionless_ideal_torque_mse": 1.8221899986970318,
    "dimensionless_ideal_torque_mae": 0.5369855530796447,
    "dimensionless_instantaneous_power_mse": 84.29635331803091,
    "dimensionless_instantaneous_power_mae": 0.2577842954641695,
    "dimensionless_marker_mse": 0.8152142965497768,
    "dimensionless_marker_mae": 0.6844426373503284,
    "dimensionless_passive_torque_mse": 2.8072593610489682,
    "dimensionless_passive_torque_mae": 0.06687382270867706,
    "dimensionless_seat_reaction_mse": 1.4001954765224713,
    "dimensionless_seat_reaction_mae": 0.5543535877495817,
    "dimensionless_speed_mse": 0.758936728653176,
    "dimensionless_speed_mae": 0.4438929426854369,
    "normalized_active_torque_mse": 15.6916383282017,
    "normalized_active_torque_mae": 0.5913728243384155,
    "seat_mse": 0.14550060697955122,
    "seat_mae": 0.16516564583791501,
    "touch_mse": 0.43436659750325995,
    "touch_mae": 0.54798624652913,
    "active_torque_angle_scaling_function_rmse": 1.605786918625565,
    "active_torque_angular_velocity_scaling_function_rmse": 0.9303415307606503,
    "dimensionless_acceleration_rmse": 0.8730086965376171,
    "dimensionless_active_torque_rmse": 6.394480913818629,
    "dimensionless_ground_reaction_rmse": 0.8625899305325123,
    "dimensionless_ideal_torque_rmse": 1.3498851798197622,
    "dimensionless_instantaneous_power_rmse": 9.181304554257576,
    "dimensionless_marker_rmse": 0.9028921843441645,
    "dimensionless_passive_torque_rmse": 1.6754877979409364,
    "dimensionless_seat_reaction_rmse": 1.1832985576440425,
    "dimensionless_speed_rmse": 0.8711697473243524,
    "normalized_active_torque_rmse": 3.9612672629099013,
    "seat_rmse": 0.38144541808698035,
    "touch_rmse": 0.6590649417950101,
    "active_torque_angle_scaling_function_mae_orig": 0.21074981410288413,
    "active_torque_angle_scaling_function_mse_orig": 0.07886095486065225,
    "active_torque_angle_scaling_function_rmse_orig": 0.28082192731453903,
    "active_torque_angular_velocity_scaling_function_mae_orig": 0.1766968046971645,
    "active_torque_angular_velocity_scaling_function_mse_orig": 0.05980937661762441,
    "active_torque_angular_velocity_scaling_function_rmse_orig": 0.24455955638172147,
    "dimensionless_acceleration_mae_orig": 1.8302802980623303,
    "dimensionless_acceleration_mse_orig": 14.207331159435705,
    "dimensionless_acceleration_rmse_orig": 3.7692613546205185,
    "dimensionless_active_torque_mae_orig": 0.009968896311498417,
    "dimensionless_active_torque_mse_orig": 0.01020332980941926,
    "dimensionless_active_torque_rmse_orig": 0.10101153305152466,
    "dimensionless_ground_reaction_mae_orig": 0.05797092083903783,
    "dimensionless_ground_reaction_mse_orig": 0.027898426177910097,
    "dimensionless_ground_reaction_rmse_orig": 0.16702821970526446,
    "dimensionless_ideal_torque_mae_orig": 0.008515983077765169,
    "dimensionless_ideal_torque_mse_orig": 0.0004582875242002108,
    "dimensionless_ideal_torque_rmse_orig": 0.02140765106685483,
    "dimensionless_instantaneous_power_mae_orig": 0.004416361767395223,
    "dimensionless_instantaneous_power_mse_orig": 0.024741450563711916,
    "dimensionless_instantaneous_power_rmse_orig": 0.15729415298640922,
    "dimensionless_marker_mae_orig": 0.3187714947431871,
    "dimensionless_marker_mse_orig": 0.17683027932655893,
    "dimensionless_marker_rmse_orig": 0.42051192530837805,
    "dimensionless_passive_torque_mae_orig": 0.008390208949336451,
    "dimensionless_passive_torque_mse_orig": 0.044189164771317305,
    "dimensionless_passive_torque_rmse_orig": 0.21021218987327375,
    "dimensionless_seat_reaction_mae_orig": 0.11329246181524692,
    "dimensionless_seat_reaction_mse_orig": 0.05848129393314561,
    "dimensionless_seat_reaction_rmse_orig": 0.24182905932320378,
    "dimensionless_speed_mae_orig": 0.30783861022326825,
    "dimensionless_speed_mse_orig": 0.3650020213898909,
    "dimensionless_speed_rmse_orig": 0.6041539715915893,
    "normalized_active_torque_mae_orig": 0.09666781183271106,
    "normalized_active_torque_mse_orig": 0.419285012969954,
    "normalized_active_torque_rmse_orig": 0.647522210406681
  },
  "S11": {
    "loss": 1.168558914188681,
    "active_torque_angle_scaling_function_mse": 2.4939959345192744,
    "active_torque_angle_scaling_function_mae": 1.1513636886388405,
    "active_torque_angular_velocity_scaling_function_mse": 0.8150351360697171,
    "active_torque_angular_velocity_scaling_function_mae": 0.6447275379094585,
    "dimensionless_acceleration_mse": 0.6153373777245482,
    "dimensionless_acceleration_mae": 0.3746128536760807,
    "dimensionless_active_torque_mse": 2.0582125334219,
    "dimensionless_active_torque_mae": 0.5576000194782498,
    "dimensionless_ground_reaction_mse": 0.870802685698687,
    "dimensionless_ground_reaction_mae": 0.3237731784111124,
    "dimensionless_ideal_torque_mse": 2.0618481243136286,
    "dimensionless_ideal_torque_mae": 0.5602465930341304,
    "dimensionless_instantaneous_power_mse": 0.39138632773973003,
    "dimensionless_instantaneous_power_mae": 0.1263797166725171,
    "dimensionless_marker_mse": 0.9316708861925136,
    "dimensionless_marker_mae": 0.743740675521308,
    "dimensionless_passive_torque_mse": 0.006965974898299339,
    "dimensionless_passive_torque_mae": 0.01191639290726476,
    "dimensionless_seat_reaction_mse": 1.4468776027266186,
    "dimensionless_seat_reaction_mae": 0.580284352714715,
    "dimensionless_speed_mse": 0.6790283402642128,
    "dimensionless_speed_mae": 0.41700859240245547,
    "normalized_active_torque_mse": 1.695825707013237,
    "normalized_active_torque_mae": 0.42225644686098757,
    "seat_mse": 0.14502158279983754,
    "seat_mae": 0.16829173731457978,
    "touch_mse": 0.47319468221224575,
    "touch_mae": 0.5702234948332282,
    "active_torque_angle_scaling_function_rmse": 1.5792390365360383,
    "active_torque_angular_velocity_scaling_function_rmse": 0.9027929641228476,
    "dimensionless_acceleration_rmse": 0.7844344317561208,
    "dimensionless_active_torque_rmse": 1.4346471808155132,
    "dimensionless_ground_reaction_rmse": 0.9331680908060921,
    "dimensionless_ideal_torque_rmse": 1.4359136897159344,
    "dimensionless_instantaneous_power_rmse": 0.6256087657152272,
    "dimensionless_marker_rmse": 0.9652310014667543,
    "dimensionless_passive_torque_rmse": 0.08346241608232617,
    "dimensionless_seat_reaction_rmse": 1.2028622542613177,
    "dimensionless_speed_rmse": 0.824031759257016,
    "normalized_active_torque_rmse": 1.302238728887003,
    "seat_rmse": 0.38081699384328627,
    "touch_rmse": 0.6878914756066147,
    "active_torque_angle_scaling_function_mae_orig": 0.20135185206283848,
    "active_torque_angle_scaling_function_mse_orig": 0.07627495167320485,
    "active_torque_angle_scaling_function_rmse_orig": 0.27617920210110836,
    "active_torque_angular_velocity_scaling_function_mae_orig": 0.16947999787701798,
    "active_torque_angular_velocity_scaling_function_mse_orig": 0.05631975935969258,
    "active_torque_angular_velocity_scaling_function_rmse_orig": 0.2373178445875754,
    "dimensionless_acceleration_mae_orig": 1.617410866472989,
    "dimensionless_acceleration_mse_orig": 11.470666680925076,
    "dimensionless_acceleration_rmse_orig": 3.3868372681493093,