{
  "val_loss": 9.51190826526055,
  "mae_kinematic": 0.8190612995637996,
  "mae_kinetic": 13.232881667193002,
  "mae_neuromuscular": 1.1847498950590827,
  "criteria": {
    "activation_signal": {
      "mae": 0.07041704050879734,
      "rmse": 0.15822127433010433,
      "nmae": 7.0417036444310215
    },
    "angle_scaling": {
      "mae": 0.0709363630016714,
      "rmse": 0.11269027096138086,
      "nmae": 6.251772338674531
    },
    "velocity_scaling": {
      "mae": 0.16943816902559766,
      "rmse": 0.2462250041105478,
      "nmae": 12.209735398895315
    },
    "acceleration": {
      "mae": 1.872190716269498,
      "rmse": 3.813540685437408,
      "nmae": 1.3310203128575666
    },
    "active_torque": {
      "mae": 10.700141242149808,
      "rmse": 185.01022017148506,
      "nmae": 0.10330639589586069
    },
    "coordinate": {
      "mae": 0.275384400581559,
      "rmse": 0.8719474805120822,
      "nmae": 0.5969505233770672
    },
    "ground_reaction": {
      "mae": 31.459302696955092,
      "rmse": 97.6185113120716,
      "nmae": 4.294419299695941
    },
    "ideal_torque": {
      "mae": 5.656784864085222,
      "rmse": 15.245406480684322,
      "nmae": 1.0156053176917188
    },
    "instantaneous_power": {
      "mae": 4.526233196928809,
      "rmse": 130.14518904461224,
      "nmae": 0.00983759049876309
    },
    "passive_torque": {
      "mae": 5.4670868672855315,
      "rmse": 184.41057853388375,
      "nmae": 0.053973416431317076
    },
    "seat_reaction": {
      "mae": 25.77432728416301,
      "rmse": 82.44786170629772,
      "nmae": 3.251102482788392
    },
    "speed": {
      "mae": 0.30960878184034185,
      "rmse": 0.6058744002111269,
      "nmae": 1.6069131384982944
    },
    "excitation_signal": {
      "mae": 0.06625217600723797,
      "rmse": 0.14486157321033397,
      "nmae": 6.625217138761156
    },
    "instantaneous_power_raw": {
      "mae": 9.046295518783545,
      "rmse": 145.2914757441741,
      "nmae": 0.01966176870319624
    },
    "maximum_joint_torque": {
      "mae": 6.667094838027531,
      "rmse": 12.702998526576184,
      "nmae": 2.2454336010477487
    },
    "normalized_active_torque": {
      "mae": 0.06436078378366157,
      "rmse": 0.55132678585265,
      "nmae": 0.27992503727387136
    },
    "touch": {
      "accuracy": 0.6693922875025238
    }
  },
  "model": "videopose",
  "run": "finetuned"
}