{
  "val_loss": 9.376086990038553,
  "mae_kinematic": 0.7662241337559458,
  "mae_kinetic": 13.125710954774084,
  "mae_neuromuscular": 0.709501107126187,
  "criteria": {
    "activation_signal": {
      "mae": 0.06951200072022816,
      "rmse": 0.15364414109796412,
      "nmae": 6.951199670798013
    },
    "angle_scaling": {
      "mae": 0.06963217391853065,
      "rmse": 0.10860172863901278,
      "nmae": 6.136831384707261
    },
    "velocity_scaling": {
      "mae": 0.16451834048587852,
      "rmse": 0.23641903073368112,
      "nmae": 11.85521194633824
    },
    "acceleration": {
      "mae": 1.7446693811517378,
      "rmse": 3.660677488894081,
      "nmae": 1.2403599512344385
    },
    "active_torque": {
      "mae": 10.549980492291548,
      "rmse": 184.973350755859,
      "nmae": 0.1018566425214127
    },
    "coordinate": {
      "mae": 0.2637081190437019,
      "rmse": 0.8040851341792075,
      "nmae": 0.5716398581382152
    },
    "ground_reaction": {
      "mae": 31.545538614848116,
      "rmse": 95.72277640566014,
      "nmae": 4.306191117834893
    },
    "ideal_torque": {
      "mae": 5.520468698972133,
      "rmse": 14.698215957194616,
      "nmae": 0.9911314468441337
    },
    "instantaneous_power": {
      "mae": 4.464443935181313,
      "rmse": 130.15019463622832,
      "nmae": 0.009703293959489507
    },
    "passive_torque": {
      "mae": 5.465263778069737,
      "rmse": 184.40962750529295,
      "nmae": 0.0539554181159758
    },
    "seat_reaction": {
      "mae": 24.217778079946964,
      "rmse": 76.90008390373727,
      "nmae": 3.054763663675216
    },
    "speed": {
      "mae": 0.29029490107239797,
      "rmse": 0.5787764499324988,
      "nmae": 1.506671379925041
    },
    "excitation_signal": {
      "mae": 0.06574651914273047,
      "rmse": 0.1396038232905188,
      "nmae": 6.5746514558362446
    },
    "instantaneous_power_raw": {
      "mae": 10.116503084108773,
      "rmse": 147.8845078238679,
      "nmae": 0.021987822895229197
    },
    "maximum_joint_torque": {
      "mae": 3.823595470814037,
      "rmse": 8.24379994840549,
      "nmae": 1.2877617546415308
    },
    "normalized_active_torque": {
      "mae": 0.06400213767571647,
      "rmse": 0.5510131603302816,
      "nmae": 0.2783651739653057
    },
    "touch": {
      "accuracy": 0.6649505350292751
    }
  },
  "model": "motionagformer",
  "run": "finetuned"
}