{
  "S9": {
    "loss": 10.54748988688671,
    "active_torque_angle_scaling_function_mse": 0.34588170828763015,
    "active_torque_angle_scaling_function_mae": 0.3863785193037269,
    "active_torque_angular_velocity_scaling_function_mse": 0.7761289095968323,
    "active_torque_angular_velocity_scaling_function_mae": 0.6229039695359421,
    "dimensionless_acceleration_mse": 0.7401678800038035,
    "dimensionless_acceleration_mae": 0.4055034167809977,
    "dimensionless_active_torque_mse": 39.58482864930274,
    "dimensionless_active_torque_mae": 0.37866896974109265,
    "dimensionless_ground_reaction_mse": 0.5053898938266802,
    "dimensionless_ground_reaction_mae": 0.22841651471781843,
    "dimensionless_ideal_torque_mse": 0.5128058604873335,
    "dimensionless_ideal_torque_mae": 0.2777306809324235,
    "dimensionless_instantaneous_power_mse": 84.26735145715833,
    "dimensionless_instantaneous_power_mae": 0.24836454714782555,
    "dimensionless_marker_mse": 0.5592037552184872,
    "dimensionless_marker_mae": 0.4382959125371024,
    "dimensionless_passive_torque_mse": 2.761964518496412,
    "dimensionless_passive_torque_mae": 0.06467328442808504,
    "dimensionless_seat_reaction_mse": 0.31935789465745335,
    "dimensionless_seat_reaction_mae": 0.16601016610425853,
    "dimensionless_speed_mse": 0.6628897533262492,
    "dimensionless_speed_mae": 0.4074853793320082,
    "normalized_active_torque_mse": 14.648656702967948,
    "normalized_active_torque_mae": 0.38849479622041627,
    "seat_mse": 0.08927143266371283,
    "seat_mae": 0.09790917592594105,
    "touch_mse": 0.28592479798634,
    "touch_mae": 0.33301669186849914,
    "active_torque_angle_scaling_function_rmse": 0.5881170872263703,
    "active_torque_angular_velocity_scaling_function_rmse": 0.8809817873241378,
    "dimensionless_acceleration_rmse": 0.8603300994407923,
    "dimensionless_active_torque_rmse": 6.291647530599814,
    "dimensionless_ground_reaction_rmse": 0.7109077955872197,
    "dimensionless_ideal_torque_rmse": 0.7161046435314699,
    "dimensionless_instantaneous_power_rmse": 9.179725020781305,
    "dimensionless_marker_rmse": 0.7477992746843816,
    "dimensionless_passive_torque_rmse": 1.6619159179983842,
    "dimensionless_seat_reaction_rmse": 0.5651175936541468,
    "dimensionless_speed_rmse": 0.8141804181667901,
    "normalized_active_torque_rmse": 3.827356359547403,
    "seat_rmse": 0.29878325365340147,
    "touch_rmse": 0.5347193637660226,
    "active_torque_angle_scaling_function_mae_orig": 0.06757033527006276,
    "active_torque_angle_scaling_function_mse_orig": 0.010578249234143104,
    "active_torque_angle_scaling_function_rmse_orig": 0.10285061610969136,
    "active_torque_angular_velocity_scaling_function_mae_orig": 0.16374322054995438,
    "active_torque_angular_velocity_scaling_function_mse_orig": 0.0536312994202684,
    "active_torque_angular_velocity_scaling_function_rmse_orig": 0.23158432464281428,
    "dimensionless_acceleration_mae_orig": 1.7507825112178967,
    "dimensionless_acceleration_mse_orig": 13.797665064401745,
    "dimensionless_acceleration_rmse_orig": 3.7145208391395177,
    "dimensionless_active_torque_mae_orig": 0.005981710426241188,
    "dimensionless_active_torque_mse_orig": 0.009877797152676393,
    "dimensionless_active_torque_rmse_orig": 0.09938710757777586,
    "dimensionless_ground_reaction_mae_orig": 0.044229595609869624,
    "dimensionless_ground_reaction_mse_orig": 0.018949488397767514,
    "dimensionless_ground_reaction_rmse_orig": 0.13765714074383323,
    "dimensionless_ideal_torque_mae_orig": 0.004404494246507077,
    "dimensionless_ideal_torque_mse_orig": 0.00012897257056955966,
    "dimensionless_ideal_torque_rmse_orig": 0.011356609114060397,
    "dimensionless_instantaneous_power_mae_orig": 0.004254982594750592,
    "dimensionless_instantaneous_power_mse_orig": 0.024732938355546425,
    "dimensionless_instantaneous_power_rmse_orig": 0.1572670924114337,
    "dimensionless_marker_mae_orig": 0.20413141372980873,
    "dimensionless_marker_mse_orig": 0.12129835879259254,
    "dimensionless_marker_rmse_orig": 0.348279139186648,
    "dimensionless_passive_torque_mae_orig": 0.00811412220526604,
    "dimensionless_passive_torque_mse_orig": 0.043476177119154705,
    "dimensionless_passive_torque_rmse_orig": 0.20850941733925282,
    "dimensionless_seat_reaction_mae_orig": 0.033927263789632976,
    "dimensionless_seat_reaction_mse_orig": 0.013338468249960347,
    "dimensionless_seat_reaction_rmse_orig": 0.11549228653880028,
    "dimensionless_speed_mae_orig": 0.28259005899257805,
    "dimensionless_speed_mse_orig": 0.3188093167557026,
    "dimensionless_speed_rmse_orig": 0.5646320188899161,
    "normalized_active_torque_mae_orig": 0.06350467981181979,
    "normalized_active_torque_mse_orig": 0.3914162490386817,
    "normalized_active_torque_rmse_orig": 0.6256326790047669
  },
  "S11": {
    "loss": 0.5837147265372947,
    "active_torque_angle_scaling_function_mse": 0.28813680571386185,
    "active_torque_angle_scaling_function_mae": 0.3639961246443891,
    "active_torque_angular_velocity_scaling_function_mse": 0.7305447299590055,
    "active_torque_angular_velocity_scaling_function_mae": 0.5971904852780803,
    "dimensionless_acceleration_mse": 0.6032240824918423,
    "dimensionless_acceleration_mae": 0.35793890844302617,
    "dimensionless_active_torque_mse": 0.6670425729826093,
    "dimensionless_active_torque_mae": 0.29418072631133013,
    "dimensionless_ground_reaction_mse": 0.5114675385999258,
    "dimensionless_ground_reaction_mae": 0.22190300170974483,
    "dimensionless_ideal_torque_mse": 0.6640943587639894,
    "dimensionless_ideal_torque_mae": 0.2896434881306928,
    "dimensionless_instantaneous_power_mse": 0.3290065861986843,
    "dimensionless_instantaneous_power_mae": 0.1089128221160379,
    "dimensionless_marker_mse": 0.5959960847418627,
    "dimensionless_marker_mae": 0.47072821326296904,
    "dimensionless_passive_torque_mse": 0.019363348673768682,
    "dimensionless_passive_torque_mae": 0.009190982965024552,
    "dimensionless_seat_reaction_mse": 0.2956561895657494,
    "dimensionless_seat_reaction_mae": 0.15956442655497713,
    "dimensionless_speed_mse": 0.6030629257211226,
    "dimensionless_speed_mae": 0.38169885832687905,
    "normalized_active_torque_mse": 1.184498444120346,
    "normalized_active_torque_mae": 0.25611339321081666,
    "seat_mse": 0.054102808548995296,
    "seat_mae": 0.058651855809581536,
    "touch_mse": 0.25762817745040395,
    "touch_mae": 0.29964798824036537,
    "active_torque_angle_scaling_function_rmse": 0.5367837606651881,
    "active_torque_angular_velocity_scaling_function_rmse": 0.8547190941818286,
    "dimensionless_acceleration_rmse": 0.7766750172960647,
    "dimensionless_active_torque_rmse": 0.8167267431537976,
    "dimensionless_ground_reaction_rmse": 0.7151695873007505,
    "dimensionless_ideal_torque_rmse": 0.8149198480611387,
    "dimensionless_instantaneous_power_rmse": 0.5735909572148817,
    "dimensionless_marker_rmse": 0.7720078268656755,
    "dimensionless_passive_torque_rmse": 0.13915224997738515,
    "dimensionless_seat_reaction_rmse": 0.5437427604720355,
    "dimensionless_speed_rmse": 0.7765712624873023,
    "normalized_active_torque_rmse": 1.088346656226933,
    "seat_rmse": 0.2326001043615314,
    "touch_rmse": 0.5075708595362858,
    "active_torque_angle_scaling_function_mae_orig": 0.06365607545561004,
    "active_torque_angle_scaling_function_mse_orig": 0.008812212011617688,
    "active_torque_angle_scaling_function_rmse_orig": 0.09387338287085263,
    "active_torque_angular_velocity_scaling_function_mae_orig": 0.1569838981987426,
    "active_torque_angular_velocity_scaling_function_mse_orig": 0.050481386104639515,
    "active_torque_angular_velocity_scaling_function_rmse_orig": 0.22468063135179123,
    "dimensionless_acceleration_mae_orig": 1.545420223487105,
    "dimensionless_acceleration_mse_orig": 11.24485954316299,